{"entities":{"pages":{"General":{"id":"General","title":"Glowing Tools","url":"general.html","level":0,"pages":["Issues","Gallery"],"tabIndex":0},"Issues":{"id":"Issues","title":"Issues","url":"issues.html","level":1,"parentId":"General","tabIndex":0},"Gallery":{"id":"Gallery","title":"Gallery","url":"gallery.html","level":1,"parentId":"General","tabIndex":1},"Contributing":{"id":"Contributing","title":"Contributing","url":"contributing.html","level":0,"tabIndex":1},"Development-Documentation":{"id":"Development-Documentation","title":"Development Documentation","url":"development-documentation.html","level":0,"pages":["Fabric-Version","Forge-Version"],"tabIndex":2},"Fabric-Version":{"id":"Fabric-Version","title":"Fabric Version","url":"fabric-version.html","level":1,"parentId":"Development-Documentation","tabIndex":0},"Forge-Version":{"id":"Forge-Version","title":"Forge Version","url":"forge-version.html","level":1,"parentId":"Development-Documentation","tabIndex":1}}},"topLevelIds":["General","Contributing","Development-Documentation"]}